order_id,customer_id,order_date,order_status
1001,1,2026-01-08,Completed
1002,3,2026-01-12,Completed
1003,2,2026-01-19,Completed
1004,6,2026-01-27,Completed
1005,4,2026-02-03,Completed
1006,1,2026-02-11,Completed
1007,8,2026-02-18,Completed
1008,5,2026-02-26,Cancelled
1009,10,2026-03-04,Completed
1010,7,2026-03-09,Completed
1011,3,2026-03-17,Completed
1012,11,2026-03-24,Completed
1013,2,2026-04-02,Completed
1014,9,2026-04-08,Completed
1015,12,2026-04-15,Completed
1016,6,2026-04-23,Cancelled
1017,4,2026-05-01,Completed
1018,13,2026-05-07,Completed
1019,1,2026-05-16,Completed
1020,10,2026-05-22,Completed
1021,14,2026-06-03,Completed
1022,5,2026-06-10,Completed
1023,8,2026-06-18,Completed
1024,3,2026-06-27,Completed
1025,15,2026-07-05,Completed
1026,7,2026-07-13,Completed
1027,2,2026-07-21,Completed
1028,11,2026-08-02,Completed
1029,9,2026-08-11,Cancelled
1030,6,2026-08-19,Completed
1031,13,2026-09-01,Completed
1032,4,2026-09-09,Completed
1033,1,2026-09-17,Completed
1034,15,2026-09-24,Completed