order_item_id,order_id,product_id,quantity,unit_price
1,1001,2,1,79.99
2,1001,1,1,24.99
3,1002,11,1,219.99
4,1002,12,2,14.99
5,1003,6,1,129.99
6,1003,14,1,29.99
7,1004,7,1,89.99
8,1004,3,1,44.99
9,1005,10,1,249.99
10,1005,9,1,34.99
11,1006,5,1,59.99
12,1006,1,2,24.99
13,1007,13,1,74.99
14,1007,8,2,19.99
15,1008,11,1,219.99
16,1008,15,1,69.99
17,1009,4,1,39.99
18,1009,9,1,34.99
19,1010,6,1,129.99
20,1010,12,2,14.99
21,1011,2,1,79.99
22,1011,3,1,44.99
23,1011,8,1,19.99
24,1012,11,1,219.99
25,1012,14,2,29.99
26,1013,7,1,89.99
27,1013,13,1,74.99
28,1014,5,1,59.99
29,1014,3,2,44.99
30,1015,10,1,249.99
31,1015,1,1,24.99
32,1016,6,1,129.99
33,1016,7,1,89.99
34,1017,15,1,69.99
35,1017,11,1,219.99
36,1018,4,1,39.99
37,1018,9,2,34.99
38,1019,2,1,79.99
39,1019,12,3,14.99
40,1020,6,1,129.99
41,1020,14,1,29.99
42,1021,10,1,249.99
43,1021,15,1,69.99
44,1022,5,1,59.99
45,1022,8,2,19.99
46,1023,7,1,89.99
47,1023,3,1,44.99
48,1024,11,1,219.99
49,1024,1,2,24.99
50,1024,12,1,14.99
51,1025,4,1,39.99
52,1025,9,1,34.99
53,1026,6,1,129.99
54,1026,2,1,79.99
55,1027,13,1,74.99
56,1027,8,2,19.99
57,1028,10,1,249.99
58,1028,14,1,29.99
59,1029,11,1,219.99
60,1029,5,1,59.99
61,1030,7,1,89.99
62,1030,3,2,44.99
63,1031,15,1,69.99
64,1031,4,1,39.99
65,1032,2,1,79.99
66,1032,1,1,24.99
67,1032,12,2,14.99
68,1033,6,1,129.99
69,1033,14,2,29.99
70,1034,10,1,249.99
71,1034,9,1,34.99