product_id,product_name,category,price
1,Wireless Mouse,Accessories,24.99
2,Mechanical Keyboard,Accessories,79.99
3,USB-C Hub,Accessories,44.99
4,Laptop Stand,Office,39.99
5,Webcam,Electronics,59.99
6,Noise-Canceling Headphones,Electronics,129.99
7,Portable SSD 1TB,Storage,89.99
8,USB Flash Drive 128GB,Storage,19.99
9,Desk Lamp,Office,34.99
10,Ergonomic Desk Chair,Office,249.99
11,27-inch Monitor,Electronics,219.99
12,HDMI Cable,Accessories,14.99
13,External Hard Drive 2TB,Storage,74.99
14,Wireless Charger,Electronics,29.99
15,Monitor Arm,Office,69.99